customer_id,customer_name,city
789201,Mercado FitFuel,São Paulo
789202,Mercado FitFuel,Rio de Janeiro
789203,Mercado FitFuel,Belo Horizonte
789301,Loja Escolha do Atleta,São Paulo
789303,Loja Escolha do Atleta,Belo Horizonte
789101,Alimentos Resistência,Sao Paulo
789102,Alimentos Resistência,Rio de Janeiro
789103,Alimentos Resistência,Belo Horizonte
789121, Nutrição HidroBoost ,Rio de Janeiro
789122,Nutrição HidroBoost,Belo Horizonte
789220,Superalimentos MacroBite,São Paulo
789221,Superalimentos macroBite,Rio de Janeiroo
789320,Central PowerSnack,São Paulo
789321,Central powerSnack,Rio de Janeiro
789401, Nutrição sprintX ,São Paulo
789402,Nutrição SprintX,Rio de Janeiro
789403,Nutrição SprintX,
789420, Alimentos zenAtleta ,
789421, Alimentos ZenAtleta ,Rio de Janiro
789422,Alimentos ZenAtleta,BeloHorizontee
789501,Loja alto Desempenho,São Paulo
789503,Loja Alto desempenho,BeloHorizonte
789520,Nutrição PrimeFuel,São Pauloo
789521, Nutrição PrimeFuel ,
789522,Nutrição PrimeFuel,Belo Horiznote
789601,Recuperação Express,São Paulo
789603,Recuperação Express,
789702, Loja StaminaX ,Rio de Janeiro
789703,Loja StaminaX,Belo Horizonte
789621,Nutrição Atleta Elite,Rio de Janeiro
789622,Nutrição Atleta Elite,Belo Horizonte
789720,Alimentos GamePlan,São Paulo
789721,Alimentos GamePlan,Rio de Janeiro
789902,Escolha do campeão,Rio de Janeiro
789903,escolha do Campeão,Belo Horizonte
789603,Recuperação Express,
789321,Central powerSnack,Rio de Janeiro
789522,Nutrição PrimeFuel,Belo Horiznote
789503,Loja Alto desempenho,BeloHorizonte
