product_id,month,gross_price
25891101,2025/07/01,-5.88
25891101,01/08/2025,unknown
25891101,2025/09/01,5.88
25891101,2025-10-01,5.81
25891101,2025-11-01,5.81
88888888,2025-12-01,-5.81
25891102,2025-07-01,4.76
25891102,2025-08-01,4.76
25891102,2025-09-01,4.76
25891102,2025-10-01,4.83
25891102,2025-11-01,4.83
25891102,2025-12-01,4.83
25891103,2025/07/01,5.95
25891103,01/08/2025,5.95
25891103,2025/09/01,5.95
25891103,2025-10-01,not_available
25891103,2025/11/01,6.02
25891103,2025-12-01,6.02
25891201,2025-07-01,7.56
25891201,2025/08/01,7.56
25891201,2025-09-01,7.56
99999999,2025-10-01,7.56
25891201,2025-11-01,7.56
25891201,2025-12-01,7.56
25891202,2025-07-01,6.58
25891202,2025/08/01,6.58
25891202,01-09-2025,6.58
25891202,2025/10/01,7.0
25891202,2025-11-01,unknown
88888888,2025-12-01,7.0
25891203,2025/07/01,9.24
25891203,2025-08-01,9.24
99999999,2025-09-01,9.24
25891203,2025-10-01,9.66
88888888,2025-11-01,9.66
25891203,01/12/2025,9.66
25891301,2025-07-01,31.92
25891301,2025-08-01,31.92
25891301,01-09-2025,31.92
25891301,2025-10-01,34.51
25891301,2025-11-01,34.51
25891301,2025-12-01,-34.51
25891302,2025-07-01,19.25
25891302,01/08/2025,unknown
25891302,2025-09-01,-19.25
88888888,2025/10/01,21.0
25891302,2025-11-01,-21.0
25891302,2025-12-01,21.0
25891303,2025/07/01,25.83
25891303,01/08/2025,25.83
25891303,2025-09-01,25.83
25891303,2025-10-01,30.24
25891303,2025-11-01,30.24
25891303,2025-12-01,30.24
25891401,2025-07-01,5.18
99999999,2025/08/01,5.18
25891401,2025-09-01,5.18
25891401,2025-10-01,5.53
25891401,2025/11/01,5.53
25891401,2025-12-01,5.53
25891402,2025-07-01,3.29
25891402,2025-08-01,3.29
25891402,2025-09-01,3.29
25891402,2025-10-01,3.71
25891402,2025-11-01,3.71
25891402,2025-12-01,not_available
77777777,2025-07-01,3.43
25891403,2025-08-01,3.43
25891403,2025-09-01,-3.43
25891403,2025-10-01,3.5
25891403,2025-11-01,3.5
25891403,2025-12-01,3.5
25891501,2025/07/01,22.47
25891501,2025-08-01,22.47
25891501,01/09/2025,22.47
25891501,2025-10-01,-25.55
25891501,2025-11-01,25.55
25891501,2025-12-01,25.55
25891502,2025-07-01,14.21
25891502,2025-08-01,14.21
99999999,2025-09-01,14.21
25891502,2025/10/01,16.59
25891502,2025-11-01,16.59
25891502,01-12-2025,16.59
88888888,2025-07-01,20.44
25891503,01-08-2025,20.44
25891503,01/09/2025,20.44
25891503,2025-10-01,unknown
25891503,2025-11-01,19.67
25891503,01/12/2025,19.67
25891601,2025-07-01,-31.08
25891601,2025-08-01,31.08
25891601,2025-09-01,31.08
25891601,01/10/2025,30.8
25891601,2025-11-01,30.8
88888888,2025-12-01,-30.8
25891602,2025-07-01,-20.23
25891602,2025-08-01,20.23
25891602,2025-09-01,-20.23
88888888,2025-10-01,20.72
25891602,2025-11-01,20.72
25891602,2025-12-01,20.72
25891603,2025-07-01,11.97
25891603,2025-08-01,11.97
25891603,2025-09-01,11.97
25891603,2025-10-01,13.09
88888888,2025-11-01,13.09
25891603,01/12/2025,13.09
