product_name,product_id,category
Hastinapur Energy Bar Choco Fudge (60g),25891101,energy bars
Hastinapur Energy Bar Choco Fudge (40g),25891102,energy bars
Hastinapur Energy Bar Choco Fudge (25g),25891103,energy bars
Hastinapur Protien Bar Peanut Crunch (45g),25891201,protien bars
Hastinapur Protien Bar Peanut Crunch (55g),25891202,protien bars
Hastinapur Protien Bar Peanut Crunch (65g),25891203,protien bars
Hastinapur Granola Crunch Honey Almond (400g),25891301,granola & cereals
Hastinapur Granola Crunch Honey Almond (300g),25891302,granola & cereals
Hastinapur Granola Crunch Honey Almond (200g),25891303,granola & cereals
Hastinapur Greek Yogurt Pro Vanilla (200g),25891401,recovery dairy
Hastinapur Greek Yogurt Pro Vanilla (120g),25891402,recovery dairy
Hastinapur Greek Yogurt Pro Vanilla (80g),25891403,recovery dairy
Hastinapur Oats Cookie Bites ChocoChip (500g),25891501,healthy snacks
Hastinapur Oats Cookie Bites ChocoChip (350g),XYZ123,healthy snacks
Hastinapur Oats Cookie Bites ChocoChip (180g),25891503,healthy snacks
Hastinapur Electrolyte Mix Lemon-Lime (30 Sachets),25891601,electrolyte mix
Hastinapur Electrolyte Mix Lemon-Lime (15 Sachets),25891602,electrolyte mix
Hastinapur Electrolyte Mix Lemon-Lime (5 Sachets),25891603,electrolyte mix
Hastinapur Energy Bar Choco Fudge (60g),25891101,energy bars
Hastinapur Energy Bar Choco Fudge (40g),25891102,energy bars
