order_id,order_placement_date,customer_id,product_id,order_qty
FJUL318321602,17-07-2025,789321,25891601,72.0
FJUL318321602,"quinta-feira, 17 de julho de 2025",789321,25891402,269.0
FJUL318321602,"quinta-feira, 17 de julho de 2025",ABC987,25891602,97.0
FJUL318321602,"quinta-feira, 17 de julho de 2025",789321,25891303,73.0
FJUL318321602,17/07/2025,789321,25891302,
FJUL318321602,"quinta-feira, 17 de julho de 2025",789321,25891502,129.0
FJUL318321602,17/07/2025,ABC987,25891602,97.0
FJUL318321602,"quinta-feira, 17 de julho de 2025",789321,25891302,
FJUL318622502,17-07-2025,INVALID,25891402,415.0
FJUL318622502,"quinta-feira, 17 de julho de 2025",789622,25891501,105.0
FJUL318622502,"quinta-feira, 17 de julho de 2025",789622,25891101,258.0
FJUL318622502,"quinta-feira, 17 de julho de 2025",789622,25891301,35.0
FJUL318622502,"quinta-feira, 17 de julho de 2025",789622,25891102,308.0
FJUL318622502,"quinta-feira, 17 de julho de 2025",789622,25891502,200.0
FJUL318622502,2025/07/17,789622,25891301,35.0
FJUL318101602,2025/07/17,789101,25891402,272.0
FJUL318101602,"quinta-feira, 17 de julho de 2025",789101,25891201,388.0
FJUL318101602,"quinta-feira, 17 de julho de 2025",INVALID,25891501,195.0
FJUL318101602,"quinta-feira, 17 de julho de 2025",789101,25891602,139.0
FJUL318101602,"quinta-feira, 17 de julho de 2025",789101,25891401,375.0
FJUL318621601,"quinta-feira, 17 de julho de 2025",789621,25891103,440.0
FJUL318621601,"quinta-feira, 17 de julho de 2025",789621,25891601,117.0
FJUL318621601,"quinta-feira, 17 de julho de 2025",789621,25891402,250.0
FJUL318621601,"quinta-feira, 17 de julho de 2025",789621,25891301,46.0
FJUL318621601,2025/07/17,789621,25891601,117.0
FJUL318702503,"quinta-feira, 17 de julho de 2025",INVALID,25891403,355.0
FJUL318702503,17-07-2025,789702,25891503,161.0
FJUL318702503,"quinta-feira, 17 de julho de 2025",789702,25891202,100.0
FJUL318702503,"quinta-feira, 17 de julho de 2025",789702,77777777,478.0
FJUL318702503,"quinta-feira, 17 de julho de 2025",789702,25891503,161.0
FJUL318721601,"quinta-feira, 17 de julho de 2025",789721,25891601,107.0
FJUL318721601,"quinta-feira, 17 de julho de 2025",789721,25891402,493.0
FJUL318721601,"quinta-feira, 17 de julho de 2025",789721,25891401,338.0
FJUL318721601,"quinta-feira, 17 de julho de 2025",789721,25891601,107.0
FJUL318721601,"quinta-feira, 17 de julho de 2025",789721,25891402,493.0
FJUL319101603,17/07/2025,789101,25891503,244.0
FJUL319101603,"quinta-feira, 17 de julho de 2025",789101,25891603,98.0
FJUL319101603,"quinta-feira, 17 de julho de 2025",789101,25891303,37.0
FJUL319101603,"quinta-feira, 17 de julho de 2025",789101,25891301,69.0
FJUL319101603,"quinta-feira, 17 de julho de 2025",789101,25891502,132.0
FJUL319402601,"quinta-feira, 17 de julho de 2025",789402,25891601,127.0
FJUL319402601,"quinta-feira, 17 de julho de 2025",789402,25891301,82.0
FJUL319402601,"quinta-feira, 17 de julho de 2025",789402,25891502,
FJUL319402601,"quinta-feira, 17 de julho de 2025",789402,25891301,82.0
FJUL319402601,"quinta-feira, 17 de julho de 2025",789402,25891502,
FJUL319902301,"quinta-feira, 17 de julho de 2025",789902,25891201,238.0
FJUL319902301,17-07-2025,789902,25891202,330.0
FJUL319902301,"quinta-feira, 17 de julho de 2025",ABC987,25891203,147.0
FJUL319902301,"quinta-feira, 17 de julho de 2025",789902,25891301,35.0
FJUL319902301,"quinta-feira, 17 de julho de 2025",789902,25891301,35.0
FJUL319903603,"quinta-feira, 17 de julho de 2025",789903,25891503,132.0
FJUL319903603,2025/07/17,789903,25891602,91.0
FJUL319903603,"quinta-feira, 17 de julho de 2025",ABC987,25891603,63.0
FJUL319903603,"quinta-feira, 17 de julho de 2025",789903,25891302,24.0
FJUL319903603,"quinta-feira, 17 de julho de 2025",789903,25891502,124.0
FJUL320101602,"quinta-feira, 17 de julho de 2025",789101,25891602,116.0
FJUL320101602,"quinta-feira, 17 de julho de 2025",789101,25891101,370.0
FJUL320101602,"quinta-feira, 17 de julho de 2025",789101,25891401,398.0
FJUL320101602,"quinta-feira, 17 de julho de 2025",ABC987,88888888,114.0
FJUL320101602,2025/07/17,789101,25891602,116.0
FJUL320503503,"quinta-feira, 17 de julho de 2025",789503,25891503,119.0
FJUL320503503,"quinta-feira, 17 de julho de 2025",789503,25891402,301.0
FJUL320503503,17/07/2025,789503,25891401,303.0
FJUL320503503,"quinta-feira, 17 de julho de 2025",789503,25891302,55.0
FJUL320503503,"quinta-feira, 17 de julho de 2025",789503,25891401,303.0
FJUL318401601,"quinta-feira, 17 de julho de 2025",789401,25891503,158.0
FJUL318401601,"quinta-feira, 17 de julho de 2025",789401,25891601,78.0
FJUL318401601,"quinta-feira, 17 de julho de 2025",789401,25891401,426.0
FJUL318401601,"quinta-feira, 17 de julho de 2025",789401,25891502,104.0
FJUL318903403,17-07-2025,789903,25891403,358.0
FJUL318903403,"quinta-feira, 17 de julho de 2025",789903,25891203,368.0
FJUL318903403,"quinta-feira, 17 de julho de 2025",789903,25891102,333.0
FJUL318903403,"quinta-feira, 17 de julho de 2025",789903,25891102,333.0
FJUL319121602,17/07/2025,789121,25891402,202.0
FJUL319121602,"quinta-feira, 17 de julho de 2025",789121,25891602,193.0
FJUL319121602,17-07-2025,789121,25891301,85.0
FJUL319121602,17-07-2025,789121,25891301,85.0
FJUL320103203,2025/07/17,789103,25891103,430.0
FJUL320103203,"quinta-feira, 17 de julho de 2025",789103,25891201,184.0
FJUL320103203,"quinta-feira, 17 de julho de 2025",789103,25891101,295.0
FJUL320103203,"quinta-feira, 17 de julho de 2025",INVALID,25891203,175.0
FJUL320403503,"quinta-feira, 17 de julho de 2025",789403,25891503,220.0
FJUL320403503,17/07/2025,789403,25891401,426.0
FJUL320403503,"quinta-feira, 17 de julho de 2025",789403,25891503,220.0
FJUL320403503,"quinta-feira, 17 de julho de 2025",789403,25891401,426.0
FJUL320501602,17-07-2025,789501,25891403,448.0
FJUL320501602,"quinta-feira, 17 de julho de 2025",789501,25891602,117.0
FJUL320501602,"quinta-feira, 17 de julho de 2025",789501,25891203,144.0
FJUL320501602,"quinta-feira, 17 de julho de 2025",789501,25891301,89.0
FJUL318201503,"quinta-feira, 17 de julho de 2025",789201,25891503,107.0
FJUL318201503,"quinta-feira, 17 de julho de 2025",ABC987,25891303,61.0
FJUL318201503,"quinta-feira, 17 de julho de 2025",789201,25891502,146.0
FJUL318301203,"quinta-feira, 17 de julho de 2025",789301,25891103,440.0
FJUL318301203,"quinta-feira, 17 de julho de 2025",789301,25891202,339.0
FJUL318301203,"quinta-feira, 17 de julho de 2025",ABC987,25891203,428.0
FJUL318320501,"quinta-feira, 17 de julho de 2025",789320,25891402,258.0
FJUL318320501,"quinta-feira, 17 de julho de 2025",789320,99999999,155.0
FJUL318320501,"quinta-feira, 17 de julho de 2025",789320,25891202,202.0
FJUL318403503,2025/07/17,789403,25891503,157.0
FJUL318403503,"quinta-feira, 17 de julho de 2025",789403,25891302,58.0
FJUL318403503,"quinta-feira, 17 de julho de 2025",789403,25891503,157.0
FJUL318422601,"quinta-feira, 17 de julho de 2025",789422,25891601,83.0
FJUL318422601,"quinta-feira, 17 de julho de 2025",789422,25891402,252.0
FJUL318422601,"quinta-feira, 17 de julho de 2025",789422,99999999,483.0
FJUL318521502,"quinta-feira, 17 de julho de 2025",789521,25891302,25.0
FJUL318521502,"quinta-feira, 17 de julho de 2025",789521,25891301,40.0
FJUL318521502,"quinta-feira, 17 de julho de 2025",789521,25891502,115.0
FJUL318603502,"quinta-feira, 17 de julho de 2025",789603,25891103,424.0
FJUL318603502,"quinta-feira, 17 de julho de 2025",789603,25891401,276.0
FJUL318603502,"quinta-feira, 17 de julho de 2025",789603,25891502,221.0
FJUL318703601,17-07-2025,789703,25891403,217.0
FJUL318703601,17-07-2025,789703,25891601,67.0
FJUL318703601,"quinta-feira, 17 de julho de 2025",789703,25891301,39.0
FJUL319103602,"quinta-feira, 17 de julho de 2025",789103,25891403,
FJUL319103602,"quinta-feira, 17 de julho de 2025",789103,25891602,106.0
FJUL319103602,"quinta-feira, 17 de julho de 2025",789103,25891302,79.0
FJUL319122602,17-07-2025,789122,25891201,136.0
FJUL319122602,"quinta-feira, 17 de julho de 2025",XYZ123,25891602,144.0
FJUL319122602,"quinta-feira, 17 de julho de 2025",XYZ123,99999999,149.0
FJUL319201302,"quinta-feira, 17 de julho de 2025",789201,25891201,324.0
FJUL319201302,"quinta-feira, 17 de julho de 2025",789201,25891202,150.0
FJUL319201302,"quinta-feira, 17 de julho de 2025",789201,25891302,67.0
FJUL319202403,"quinta-feira, 17 de julho de 2025",789202,25891403,203.0
FJUL319202403,"quinta-feira, 17 de julho de 2025",789202,25891203,135.0
FJUL319202403,"quinta-feira, 17 de julho de 2025",789202,25891301,35.0
FJUL319220403,"quinta-feira, 17 de julho de 2025",789220,25891403,268.0
FJUL319220403,"quinta-feira, 17 de julho de 2025",789220,25891303,80.0
FJUL319220403,17-07-2025,789220,25891102,342.0
FJUL319420501,"quinta-feira, 17 de julho de 2025",789420,25891103,318.0
FJUL319420501,2025/07/17,789420,25891501,199.0
FJUL319420501,"quinta-feira, 17 de julho de 2025",789420,25891202,236.0
FJUL319501502,"quinta-feira, 17 de julho de 2025",ABC987,25891403,479.0
FJUL319501502,17-07-2025,ABC987,25891501,128.0
FJUL319501502,2025/07/17,789501,99999999,224.0
FJUL319522501,"quinta-feira, 17 de julho de 2025",789522,25891402,294.0
FJUL319522501,"quinta-feira, 17 de julho de 2025",789522,25891501,179.0
FJUL319522501,17-07-2025,789522,25891501,179.0
FJUL319621403,"quinta-feira, 17 de julho de 2025",789621,25891401,252.0
FJUL319621403,"quinta-feira, 17 de julho de 2025",789621,25891303,83.0
FJUL319621403,2025/07/17,789621,25891403,492.0
FJUL319622603,2025/07/17,789622,25891201,289.0
FJUL319622603,"quinta-feira, 17 de julho de 2025",ABC987,25891101,370.0
FJUL319622603,2025/07/17,789622,25891603,83.0
FJUL320102501,"quinta-feira, 17 de julho de 2025",789102,99999999,123.0
FJUL320102501,"quinta-feira, 17 de julho de 2025",789102,25891401,258.0
FJUL320102501,17/07/2025,789102,25891202,213.0
FJUL320121601,"quinta-feira, 17 de julho de 2025",789121,25891601,59.0
FJUL320121601,2025/07/17,789121,25891402,301.0
FJUL320121601,"quinta-feira, 17 de julho de 2025",789121,25891403,449.0
FJUL320220603,"quinta-feira, 17 de julho de 2025",789220,25891402,
FJUL320220603,"quinta-feira, 17 de julho de 2025",789220,25891603,140.0
FJUL320220603,"quinta-feira, 17 de julho de 2025",789220,25891603,140.0
FJUL320221303,"quinta-feira, 17 de julho de 2025",789221,25891303,83.0
FJUL320221303,17-07-2025,789221,25891302,78.0
FJUL320221303,17/07/2025,789221,25891302,78.0
FJUL320301601,17-07-2025,789301,25891601,133.0
FJUL320301601,"quinta-feira, 17 de julho de 2025",789301,25891301,44.0
FJUL320301601,"quinta-feira, 17 de julho de 2025",789301,25891601,133.0
FJUL320520401,"quinta-feira, 17 de julho de 2025",789520,25891201,213.0
FJUL320520401,"quinta-feira, 17 de julho de 2025",789520,25891401,258.0
FJUL320520401,"quinta-feira, 17 de julho de 2025",789520,88888888,198.0
FJUL320520601,"quinta-feira, 17 de julho de 2025",789520,25891601,109.0
FJUL320520601,"quinta-feira, 17 de julho de 2025",789520,25891303,31.0
FJUL320520601,"quinta-feira, 17 de julho de 2025",789520,25891502,128.0
FJUL320621403,17-07-2025,789621,25891103,476.0
FJUL320621403,"quinta-feira, 17 de julho de 2025",789621,25891401,441.0
FJUL320621403,"quinta-feira, 17 de julho de 2025",789621,25891403,338.0
FJUL320721502,"quinta-feira, 17 de julho de 2025",789721,25891402,325.0
FJUL320721502,"quinta-feira, 17 de julho de 2025",789721,25891202,219.0
FJUL320721502,"quinta-feira, 17 de julho de 2025",789721,25891502,207.0
FJUL320903402,"quinta-feira, 17 de julho de 2025",789903,25891402,497.0
FJUL320903402,"quinta-feira, 17 de julho de 2025",789903,25891201,
FJUL320903402,"quinta-feira, 17 de julho de 2025",789903,25891301,69.0
FJUL318102203,"quinta-feira, 17 de julho de 2025",789102,25891202,419.0
FJUL318102203,"quinta-feira, 17 de julho de 2025",789102,25891203,
FJUL318202203,"quinta-feira, 17 de julho de 2025",789202,25891202,158.0
FJUL318202203,"quinta-feira, 17 de julho de 2025",789202,25891203,466.0
FJUL318220403,17/07/2025,789220,25891403,338.0
FJUL318220403,17/07/2025,ABC987,25891102,369.0
FJUL318221502,"quinta-feira, 17 de julho de 2025",789221,25891202,194.0
FJUL318221502,"quinta-feira, 17 de julho de 2025",789221,25891502,137.0
FJUL318301603,17/07/2025,789301,77777777,186.0
FJUL318301603,17-07-2025,789301,25891301,55.0
FJUL318402402,"quinta-feira, 17 de julho de 2025",789402,25891402,356.0
FJUL318402402,"quinta-feira, 17 de julho de 2025",789402,25891303,34.0
FJUL318420302,"quinta-feira, 17 de julho de 2025",789420,25891302,34.0
FJUL318420302,"quinta-feira, 17 de julho de 2025",789420,25891301,69.0
FJUL318421602,17-07-2025,789421,25891503,155.0
FJUL318421602,2025/07/17,789421,25891602,180.0
FJUL318422501,"quinta-feira, 17 de julho de 2025",789422,25891501,166.0
FJUL318422501,"quinta-feira, 17 de julho de 2025",789422,25891301,66.0
FJUL319102401,2025/07/17,INVALID,25891201,170.0
FJUL319102401,"quinta-feira, 17 de julho de 2025",789102,25891401,370.0
FJUL319203401,"quinta-feira, 17 de julho de 2025",789203,25891101,390.0
FJUL319203401,"quinta-feira, 17 de julho de 2025",789203,25891401,361.0
FJUL319301602,"quinta-feira, 17 de julho de 2025",789301,25891501,203.0
FJUL319301602,"quinta-feira, 17 de julho de 2025",ABC987,25891602,69.0
FJUL319303402,"quinta-feira, 17 de julho de 2025",789303,25891402,420.0
FJUL319303402,"quinta-feira, 17 de julho de 2025",789303,25891401,
FJUL319320501,"quinta-feira, 17 de julho de 2025",INVALID,25891501,218.0
FJUL319320501,"quinta-feira, 17 de julho de 2025",789320,25891203,123.0
FJUL319401502,2025/07/17,789401,25891201,342.0
FJUL319401502,"quinta-feira, 17 de julho de 2025",789401,25891502,101.0
FJUL319421501,"quinta-feira, 17 de julho de 2025",789421,25891501,203.0
FJUL319421501,"quinta-feira, 17 de julho de 2025",789421,25891302,33.0
FJUL319422101,"quinta-feira, 17 de julho de 2025",789422,25891101,384.0
FJUL319422101,"quinta-feira, 17 de julho de 2025",789422,25891101,384.0
FJUL319422202,17/07/2025,789422,25891201,122.0
FJUL319422202,"quinta-feira, 17 de julho de 2025",789422,25891202,488.0
FJUL319422501,"quinta-feira, 17 de julho de 2025",789422,25891403,233.0
FJUL319422501,"quinta-feira, 17 de julho de 2025",789422,25891501,110.0
FJUL319521103,"quinta-feira, 17 de julho de 2025",789521,25891103,331.0
FJUL319521103,"quinta-feira, 17 de julho de 2025",789521,25891101,309.0
FJUL319601501,"quinta-feira, 17 de julho de 2025",789601,25891501,237.0
FJUL319601501,17-07-2025,789601,25891301,25.0
FJUL319702501,17/07/2025,789702,25891403,419.0
FJUL319702501,"quinta-feira, 17 de julho de 2025",789702,25891501,224.0
FJUL319703602,2025/07/17,789703,25891602,192.0
FJUL319703602,17/07/2025,789703,25891203,332.0
FJUL319721602,"quinta-feira, 17 de julho de 2025",789721,25891402,295.0
FJUL319721602,"quinta-feira, 17 de julho de 2025",789721,25891602,132.0
FJUL320121103,"quinta-feira, 17 de julho de 2025",XYZ123,25891103,348.0
FJUL320121103,"quinta-feira, 17 de julho de 2025",XYZ123,25891103,348.0
FJUL320121503,"quinta-feira, 17 de julho de 2025",789121,25891503,222.0
FJUL320121503,17-07-2025,789121,25891102,384.0
FJUL320303502,"quinta-feira, 17 de julho de 2025",789303,25891201,232.0
FJUL320303502,2025/07/17,789303,25891502,163.0
FJUL320320102,"quinta-feira, 17 de julho de 2025",789320,25891102,434.0
FJUL320320102,"quinta-feira, 17 de julho de 2025",789320,25891102,434.0
FJUL320401303,"quinta-feira, 17 de julho de 2025",789401,25891303,71.0
FJUL320401303,2025/07/17,789401,25891303,71.0
FJUL320401601,"quinta-feira, 17 de julho de 2025",789401,25891601,
FJUL320401601,"quinta-feira, 17 de julho de 2025",INVALID,25891302,
FJUL320402601,"quinta-feira, 17 de julho de 2025",789402,25891601,79.0
FJUL320402601,"quinta-feira, 17 de julho de 2025",789402,25891202,273.0
FJUL320521302,"quinta-feira, 17 de julho de 2025",789521,25891302,32.0
FJUL320521302,"quinta-feira, 17 de julho de 2025",789521,25891302,32.0
FJUL320521601,"quinta-feira, 17 de julho de 2025",789521,25891601,127.0
FJUL320521601,"quinta-feira, 17 de julho de 2025",789521,25891601,127.0
FJUL320622601,"quinta-feira, 17 de julho de 2025",789622,25891103,322.0
FJUL320622601,"quinta-feira, 17 de julho de 2025",789622,25891601,133.0
FJUL320902601,17/07/2025,INVALID,25891601,142.0
FJUL320902601,"quinta-feira, 17 de julho de 2025",789902,25891203,121.0
FJUL318102403,"quinta-feira, 17 de julho de 2025",789102,99999999,348.0
FJUL318103102,17/07/2025,789103,25891102,358.0
FJUL318103501,"quinta-feira, 17 de julho de 2025",ABC987,25891501,194.0
FJUL318122103,"quinta-feira, 17 de julho de 2025",XYZ123,25891103,409.0
FJUL318122401,"quinta-feira, 17 de julho de 2025",789122,25891401,
FJUL318122602,"quinta-feira, 17 de julho de 2025",789122,25891602,118.0
FJUL318203102,"quinta-feira, 17 de julho de 2025",789203,25891102,
FJUL318203202,"quinta-feira, 17 de julho de 2025",789203,25891202,
FJUL318220302,"quinta-feira, 17 de julho de 2025",XYZ123,25891302,
FJUL318220501,2025/07/17,789220,25891501,101.0
FJUL318301602,"quinta-feira, 17 de julho de 2025",789301,25891602,192.0
FJUL318303602,"quinta-feira, 17 de julho de 2025",789303,25891602,69.0
FJUL318403403,2025/07/17,789403,25891403,328.0
FJUL318420102,2025/07/17,789420,25891102,343.0
FJUL318421303,"quinta-feira, 17 de julho de 2025",789421,25891303,31.0
FJUL318421501,"quinta-feira, 17 de julho de 2025",789421,25891501,131.0
FJUL318501102,2025/07/17,XYZ123,25891102,354.0
FJUL318503201,"quinta-feira, 17 de julho de 2025",789503,25891201,265.0
FJUL318503301,"quinta-feira, 17 de julho de 2025",789503,25891301,67.0
FJUL318520202,"quinta-feira, 17 de julho de 2025",789520,25891202,243.0
FJUL318522403,17/07/2025,789522,99999999,373.0
FJUL318601601,"quinta-feira, 17 de julho de 2025",789601,25891601,50.0
FJUL318702101,"quinta-feira, 17 de julho de 2025",789702,25891101,312.0
FJUL318720303,2025/07/17,XYZ123,88888888,30.0
FJUL318720603,"quinta-feira, 17 de julho de 2025",789720,25891603,171.0
FJUL318902101,"quinta-feira, 17 de julho de 2025",789902,25891101,379.0
FJUL318902302,"quinta-feira, 17 de julho de 2025",789902,25891302,40.0
FJUL319121103,"quinta-feira, 17 de julho de 2025",789121,25891103,325.0
FJUL319121501,"quinta-feira, 17 de julho de 2025",789121,25891501,209.0
FJUL319122103,"quinta-feira, 17 de julho de 2025",789122,25891103,322.0
FJUL319122403,"quinta-feira, 17 de julho de 2025",789122,25891403,316.0
FJUL319201502,"quinta-feira, 17 de julho de 2025",789201,25891502,143.0
FJUL319203202,2025/07/17,789203,25891202,264.0
FJUL319221103,"quinta-feira, 17 de julho de 2025",789221,25891103,466.0
FJUL319221203,"quinta-feira, 17 de julho de 2025",ABC987,25891203,
FJUL319303602,"quinta-feira, 17 de julho de 2025",789303,25891602,95.0
FJUL319320403,"quinta-feira, 17 de julho de 2025",789320,25891403,301.0
FJUL319402302,17/07/2025,789402,25891302,34.0
FJUL319403102,"quinta-feira, 17 de julho de 2025",789403,25891102,
FJUL319420601,"quinta-feira, 17 de julho de 2025",789420,77777777,140.0
FJUL319421403,17-07-2025,789421,25891403,307.0
FJUL319421601,17-07-2025,789421,25891601,126.0
FJUL319422601,"quinta-feira, 17 de julho de 2025",789422,25891601,93.0
FJUL319501201,"quinta-feira, 17 de julho de 2025",789501,25891201,288.0
FJUL319503202,"quinta-feira, 17 de julho de 2025",789503,99999999,138.0
FJUL319503601,"quinta-feira, 17 de julho de 2025",789503,25891601,65.0
FJUL319520203,"quinta-feira, 17 de julho de 2025",789520,25891203,389.0
FJUL319521403,"quinta-feira, 17 de julho de 2025",789521,25891403,266.0
FJUL319522503,"quinta-feira, 17 de julho de 2025",789522,25891503,193.0
FJUL319601403,"quinta-feira, 17 de julho de 2025",INVALID,25891403,196.0
FJUL319603101,"quinta-feira, 17 de julho de 2025",789603,25891101,477.0
FJUL319603503,"quinta-feira, 17 de julho de 2025",789603,25891503,131.0
FJUL319622203,"quinta-feira, 17 de julho de 2025",789622,25891203,481.0
FJUL319703401,"quinta-feira, 17 de julho de 2025",XYZ123,25891401,478.0
FJUL319720203,"quinta-feira, 17 de julho de 2025",789720,25891203,489.0
FJUL319902502,"quinta-feira, 17 de julho de 2025",789902,25891502,165.0
FJUL319903101,"quinta-feira, 17 de julho de 2025",789903,25891101,462.0
FJUL319903103,"quinta-feira, 17 de julho de 2025",789903,25891103,390.0
FJUL320102402,"quinta-feira, 17 de julho de 2025",INVALID,25891402,338.0
FJUL320103502,"quinta-feira, 17 de julho de 2025",789103,25891502,198.0
FJUL320121201,"quinta-feira, 17 de julho de 2025",789121,25891201,319.0
FJUL320121603,"quinta-feira, 17 de julho de 2025",789121,25891603,110.0
FJUL320122502,"quinta-feira, 17 de julho de 2025",789122,25891502,184.0
FJUL320201503,"quinta-feira, 17 de julho de 2025",789201,25891503,183.0
FJUL320202301,"quinta-feira, 17 de julho de 2025",789202,25891301,95.0
FJUL320202402,"quinta-feira, 17 de julho de 2025",789202,25891402,426.0
FJUL320203302,"quinta-feira, 17 de julho de 2025",789203,25891302,90.0
FJUL320220203,"quinta-feira, 17 de julho de 2025",789220,25891203,357.0
FJUL320321103,"quinta-feira, 17 de julho de 2025",789321,25891103,347.0
FJUL320420103,"quinta-feira, 17 de julho de 2025",789420,25891103,335.0
FJUL320421602,"quinta-feira, 17 de julho de 2025",789421,25891602,170.0
FJUL320421603,"quinta-feira, 17 de julho de 2025",789421,25891603,135.0
FJUL320422303,"quinta-feira, 17 de julho de 2025",789422,25891303,20.0
FJUL320501303,"quinta-feira, 17 de julho de 2025",789501,25891303,77.0
FJUL320503102,2025/07/17,789503,25891102,387.0
FJUL320521301,"quinta-feira, 17 de julho de 2025",789521,25891301,72.0
FJUL320522301,"quinta-feira, 17 de julho de 2025",XYZ123,25891301,32.0
FJUL320522603,"quinta-feira, 17 de julho de 2025",789522,25891603,110.0
FJUL320601302,"quinta-feira, 17 de julho de 2025",789601,25891302,54.0
FJUL320601401,"quinta-feira, 17 de julho de 2025",ABC987,99999999,477.0
FJUL320603103,"quinta-feira, 17 de julho de 2025",789603,25891103,385.0
FJUL320603603,"quinta-feira, 17 de julho de 2025",789603,25891603,115.0
FJUL320621201,17/07/2025,789621,25891201,
FJUL320622102,"quinta-feira, 17 de julho de 2025",789622,99999999,384.0
FJUL320703103,"quinta-feira, 17 de julho de 2025",INVALID,25891103,376.0
FJUL320703402,2025/07/17,789703,25891402,411.0
FJUL320720101,2025/07/17,789720,88888888,286.0
FJUL320720403,2025/07/17,789720,25891403,395.0
FJUL320721401,2025/07/17,789721,25891401,493.0
FJUL320902401,"quinta-feira, 17 de julho de 2025",789902,25891401,238.0
FJUL320903302,"quinta-feira, 17 de julho de 2025",INVALID,25891302,85.0
